rank,stadium,capacity,region,country,city,images,home_team
1,Rungrado 1st of May Stadium,"114,000",East Asia,North Korea,Pyongyang,,"Korea DPR national football team, Korea DPR women's national football team, April 25"
2,Michigan Stadium,"107,601",North America,United States,"Ann Arbor, Michigan",,Michigan Wolverines football
3,Ohio Stadium,"102,780",North America,United States,"Columbus, Ohio",,Ohio State Buckeyes football
4,Melbourne Cricket Ground,"100,024",Oceania,Australia,"Melbourne, Victoria",,"Australia national cricket team, Victoria cricket team, Melbourne Cricket Club, Melbourne Stars, Melbourne FC, Richmond FC, Collingwood FC, Hawthorn FC"
5,Camp Nou,"99,354",Europe,Spain,"Barcelona, Catalonia",,FC Barcelona
6,Estadio Azteca,"95,500",North America,Mexico,Mexico City,,"Club América, Cruz Azul, Mexico national football team"
7,FNB Stadium,"94,736",Africa,South Africa,"Johannesburg, Gauteng",,"South Africa national football team, Kaizer Chiefs"
8,New Administrative Capital Stadium,"93,940",Africa,Egypt,New Administrative Capital,,Egypt national football team
9,Rose Bowl Stadium,"92,800",North America,United States,"Pasadena, California",,UCLA Bruins
10,Cotton Bowl Stadium,"92,100",North America,United States,"Dallas, Texas",,
11,Wembley Stadium,"90,000",Europe,England,"London, England",,England national football team
12,Lusail Stadium,"88,966",West Asia,Qatar,Lusail,,Qatar national football team
13,Bukit Jalil National Stadium,"87,411",Southeast Asia,Malaysia,Kuala Lumpur,,Malaysia national football team
14,Borg el-Arab Stadium,"86,000",Africa,Egypt,Alexandria,,"Egypt national football team, Al Ittihad, Smouha"
15,Estadio Santiago Bernabéu,"85,000",Europe,Spain,Madrid,,Real Madrid
16,Estadio Mâs Monumental,"84,567",South America,Argentina,Buenos Aires,,"Argentina national football team, River Plate"
17,Stadium Australia,"83,500",Oceania,Australia,"Sydney, New South Wales",,"South Sydney Rabbitohs, Canterbury-Bankstown Bulldogs, New South Wales Blues, New South Wales Waratahs, Australia men's national soccer team, Australia national rugby union team"
18,MetLife Stadium,"82,500",North America,United States,"East Rutherford, New Jersey",,"New York Giants, New York Jets, United States men's national soccer team"
19,Croke Park,"82,300",Europe,Ireland,Dublin,,"Gaelic Athletic Association, Dublin GAA"
20,Jakarta International Stadium,"82,000",Southeast Asia,Indonesia,Jakarta,,"Persija Jakarta, Indonesia national football team"
21,Lambeau Field,"81,441",North America,United States,"Green Bay, Wisconsin",,Green Bay Packers
22,SIGNAL IDUNA PARK,"81,365",Europe,Germany,Dortmund,,Borussia Dortmund
23,Stade de France,"81,338",Europe,France,Saint-Denis,,France national football team
24,Grand Sports Arena of the Luzhniki Olympic Complex,"81,000",Europe,Russia,Moscow,,
25,Shah Alam Stadium,"80,372",Southeast Asia,Malaysia,"Shah Alam, Selangor",,Selangor FA
26,Estadio Monumental,"80,093",South America,Peru,Lima,,Club Universitario de Deportes
27,Stadio Giuseppe Meazza,"80,018",Europe,Italy,"Milan, Lombardy",,AC Milan and Internazionale
28,Guangdong Olympic Stadium,"80,012",East Asia,China,"Guangzhou, Guangdong",,
29,Hangzhou Olympic Sports Expo Centre Stadium,"80,000",East Asia,China,"Hangzhou, Zhejiang",,
30,AT&T Stadium,"80,000",North America,United States,"Arlington, Texas",,"Dallas Cowboys, FC Dallas"
31,Stade des Martyrs,"80,000",Africa,DR Congo,Kinshasa,,Congo DR national football team
32,Stade Tata Raphaël,"80,000",Africa,DR Congo,Kinshasa,no image,"AS Vita Club, DC Motema Pembe"
33,National Sports Stadium,"80,000",Africa,Zimbabwe,Harare,no image,Zimbabwe national football team
34,Moi International Sports Centre,"80,000",Africa,Kenya,Nairobi,,Kenya national football team
35,Beijing National Stadium,"80,000",East Asia,China,Beijing,,
36,Stade Léopold Sédar Senghor,"80,000",Africa,Senegal,Dakar,,"Senegal national football team, ASC Jeanne d'Arc"
37,Maracanã,"78,838",South America,Brazil,"Rio de Janeiro, Rio de Janeiro",,"CR Flamengo, Fluminense FC, Botafogo FR, CR Vasco da Gama"
38,Los Angeles Memorial Coliseum,"78,467",North America,United States,"Los Angeles, California",,USC Trojans
39,Azadi Stadium,"78,116",West Asia,Iran,Tehran,,"Iran national football team, Esteghlal FC, Persepolis FC"
40,Stadion Utama Gelora Bung Karno,"77,193",Southeast Asia,Indonesia,Jakarta,,"Indonesia national football team,"
41,Caesar's Superdome,"76,468",North America,United States,"New Orleans, Louisiana",,"New Orleans Saints, Sugar Bowl"
42,Arrowhead Stadium,"76,412",North America,United States,"Kansas City, Missouri",,Kansas City Chiefs
43,Empower Field,"76,125",North America,United States,Denver,,Denver Broncos
44,Atatürk Olimpiyat Stadyumu,"76,092",Europe,Turkey,Istanbul,,
45,Old Trafford,"76,000",Europe,England,"Manchester, North West England",,Manchester United
46,Allianz Arena,"75,024",Europe,Germany,Munich,,FC Bayern Munich
47,Naghsh-e-Jahan Stadium,"75,000",West Asia,Iran,Isfahan,,Sepahan FC
48,Bank of America Stadium,"74,867",North America,United States,"Charlotte, North Carolina",,"Charlotte FC, Carolina Panthers"
49,Millennium Stadium,"74,500",Europe,Wales,Cardiff,,Wales national football team
50,Olympiastadion,"74,475",Europe,Germany,Berlin,,Hertha BSC
51,Cairo International Stadium,"74,100",Africa,Egypt,Cairo,,"Egypt national football team, Al Ahly, Zamalek"
52,FirstEnergy Stadium,"73,200",North America,United States,Cleveland,,Cleveland Browns
53,Estádio Nacional Mané Garrincha,"72,788",South America,Brazil,"Brasília, Distrito Federal",,"Brasília FC, Legião FC"
54,Stadio Olimpico,"72,698",Europe,Italy,"Rome, Lazio",,"AS Roma, Lazio"
55,Nissan Stadium,"72,327",East Asia,Japan,"Yokohama, Kanagawa",,"Yokohama F. Marinos, Yokohama Eagles"
56,NRG Stadium,"72,220",North America,United States,"Houston, Texas",,"Houston Texans, Houston Dynamo FC"
57,Shanghai Stadium,"72,000",East Asia,China,Shanghai,,Shanghai Shenhua
58,M&T Bank Stadium,"71,008",North America,United States,Baltimore,,Baltimore Ravens
59,Mercedes-Benz Stadium,"71,000",North America,United States,"Atlanta, Georgia",,"Atlanta United FC, Atlanta Falcons"
60,Olympic National Sports Complex Stadium,"70,000",Europe,Ukraine,Kyiv,,"Ukraine national football team, FC Dynamo Kyiv"
61,SoFi Stadium,"70,000",North America,United States,"Inglewood, California",,
62,Seoul Olympic Stadium,"69,950",East Asia,South Korea,Seoul,,
63,Bakı Olimpiya stadionu,"69,870",West Asia,Azerbaijan,Baku,,Azerbaijan national football team
64,Olympic Stadium,"69,618",Europe,Greece,"Marousi, Attica",,Greece national football team
65,Olympiastadion München,"69,250",Europe,Germany,Munich,,
66,Lumen Field,"69,000",North America,United States,"Seattle, Washington",,"Seattle Sounders FC, Seattle Seahawks"
67,Estadio Olímpico Universitario,"68,954",North America,Mexico,Mexico City,,UNAM Pumas
68,Gillette Stadium,"68,756",North America,United States,"Foxborough, Massachusetts",,"New England Patriots, New England Revolution"
69,King Abdullah Sports City Stadium,"68,560",West Asia,Saudi Arabia,Jeddah,,"Saudi Arabia national football team, Al-Ahli Saudi FC, Al-Ittihad Saudi Club"
70,Lincoln Financial Field,"68,532",North America,United States,Philadelphia,,"Philadelphia Eagles, Temple Owls football"
71,Levi's Stadium,"68,500",North America,United States,"Santa Clara, California",,San Francisco 49ers
72,Acrisure Stadium,"68,400",North America,United States,Pittsburgh,,"Pittsburgh Steelers, Pittsburgh Panthers football"
73,Gazprom Arena,"68,134",Europe,Russia,Saint Petersburg,,FC Zenit Saint Petersburg
74,Salt Lake Stadium,"68,000",South Asia,India,Kolkata,,"India national football team, Mohun Bagan Super Giant, East Bengal FC, Mohammedan SC"
75,National Stadium,"68,000",East Asia,Japan,Tokyo,,
76,TIAA Bank Field,"67,814",North America,United States,"Jacksonville, Florida",,Jacksonville Jaguars
77,Cívitas Metropolitano,"70,460",Europe,Spain,Madrid,,Atlético de Madrid
78,Orange Vélodrome,"67,394",Europe,France,Marseille,,Olympique de Marseille
79,Puskás Aréna,"67,215",Europe,Hungary,Budapest,,Hungary national football team
80,Scottish Gas Murrayfield Stadium,"67,144",Europe,Scotland,Edinburgh,,Scotland national rugby union team
81,Lucas Oil Stadium,"67,000",North America,United States,"Indianapolis, Indiana",,Indianapolis Colts
82,MorumBIS,"66,975",South America,Brazil,"São Paulo, São Paulo",,São Paulo FC
83,The Dome,"66,965",North America,United States,St. Louis,,St. Louis BattleHawks
84,Yadegar-e-Emam Stadium,"66,833",West Asia,Iran,Tabriz,,Tractor Sazi FC
85,Seoul World Cup Stadium,"66,704",East Asia,South Korea,Seoul,,FC Seoul
86,US Bank Stadium,"66,655",North America,United States,Minneapolis,,Minnesota Vikings
87,Daegu Stadium,"66,422",East Asia,South Korea,Daegu,,Daegu FC
88,Workers' Stadium,"66,161",East Asia,China,Beijing,,"Beijing Guoan, China national football team"
89,London Stadium,"66,000",Europe,England,London,,West Ham United
90,Raymond James Stadium,"65,847",North America,United States,"Tampa, Florida",,"Tampa Bay Buccaneers, South Florida Bulls football, Tampa Bay Vipers"
91,Hard Rock Stadium,"65,326",North America,United States,"Miami Gardens, Florida",,"Miami Dolphins, Miami Hurricanes football"
92,Olympic Stadium,"65,255",North America,Canada,"Montreal, Quebec",,CF Montréal
93,Basra International Stadium,"65,227",West Asia,Iraq,Basra,,Iraq national football team
94,Camping World Stadium,"65,000",North America,United States,"Orlando, Florida",,
95,Alamodome,"65,000",North America,United States,San Antonio,,UTSA Roadrunners football
96,Ford Field,"65,000",North America,United States,Detroit,,Detroit Lions
97,Stade Ibn Battuta,"65,000",Africa,Morocco,Tangier,,IR Tanger
98,Estádio do Sport Lisboa e Benfica,"64,642",Europe,Portugal,Lisbon,,Benfica
99,Stade du 5-juillet-1962,"64,000",Africa,Algeria,Algiers,,Algeria national football team
100,Castelão,"63,903",South America,Brazil,"Fortaleza, Ceará",,"Ceará SC, Fortaleza EC"
101,Saitama Stadium 2002,"63,700",East Asia,Japan,Saitama,,"Urawa Red Diamonds, Saitama Wild Knights"
102,Ellis Park Stadium,"62,567",Africa,South Africa,"Johannesburg, Gauteng",,"Orlando Pirates FC, Emirates Johannesburg Lions"
103,Tottenham Hotspur Stadium,"62,303",Europe,England,London,,Tottenham Hotspur
104,VELTINS-Arena,"62,271",Europe,Germany,Gelsenkirchen,,FC Schalke 04
105,Yizhong Sports Centre Stadium,"62,000",East Asia,China,"Qingdao, Shandong",,Qingdao Jonoon FC
106,Estádio Governador Magalhães Pinto,"61,846",South America,Brazil,"Belo Horizonte, Minas Gerais",,"Atlético Mineiro, Cruzeiro EC"
107,King Fahd International Stadium,"61,781",West Asia,Saudi Arabia,Riyadh,,"Saudi Arabia national football team, Al-Hilal, Al-Nassr, Al-Shabab"
108,Soldier Field,"61,500",North America,United States,Chicago,,Chicago Bears
109,Nanjing Olympic Sports Centre Stadium,"61,443",East Asia,China,"Nanjing, Jiangsu",,
110,Anfield,"65,000",Europe,England,"Liverpool, England",,Liverpool FC
111,Estadio Benito Villamarín,"60,720",Europe,Spain,Seville,,Real Betis
112,Abuja Stadium,"60,491",Africa,Nigeria,Abuja,,Nigeria national football team
113,MHPArena,"60,469",Europe,Germany,Stuttgart,,VfB Stuttgart
114,Celtic Park,"60,411",Europe,Scotland,Glasgow,,Celtic FC
115,Estadio de la UNSA,"60,370",South America,Peru,Arequipa,,FBC Melgar
116,Emirates Stadium,"60,338",Europe,England,London,,Arsenal
117,Shenzhen Universiade Sports Centre Stadium,"60,334",East Asia,China,"Shenzhen, Guangdong",,
118,Estadio Centenario,"60,235",South America,Uruguay,Montevideo,,Uruguay national football team
119,Estádio José do Rego Maciel,"60,044",South America,Brazil,"Recife, Pernambuco",,Santa Cruz FC
120,Al-Bayt Stadium,"60,000",West Asia,Qatar,Al-Khor,,
121,Benjamin Mkapa National Stadium,"60,000",Africa,Tanzania,Dar es-Salaam,,"Tanzania national football team, Young Africans"
122,Hefei Olympic Sports Centre Stadium,"60,000",East Asia,China,"Hefei, Anhui",,Anhui Jiufang
123,Jaber al-Ahmad International Stadium,"60,000",West Asia,Kuwait,Kuwait City,,Kuwait national football team
124,Hammadi Agrebi Stadium,"60,000",Africa,Tunisia,Tunis,,Tunisia national football team
125,Jawaharlal Nehru Stadium,"60,000",South Asia,India,New Delhi,,
126,Mogadishu Stadium,"60,000",Africa,Somalia,Mogadishu,,Somalia national football team
127,National Heroes Stadium,"60,000",Africa,Zambia,Lusaka,,Zambian national football team
128,Odi Stadium,"60,000",Africa,South Africa,"Mabopane, Gauteng",no image,
129,Morodok Techo National Stadium,"60,000",Southeast Asia,Cambodia,Phnom Penh,,Cambodia national football team
130,Shenyang Olympic Sports Centre Stadium,"60,000",East Asia,China,"Shenyang, Liaoning",,
131,Optus Stadium,"60,000",Oceania,Australia,"Perth, Western Australia",,"Perth Glory FC, Fremantle Dockers, West Coast Eagles"
132,Estadio Monumental Isidro Romero Carbo,"59,283",South America,Ecuador,Guayaquil,,Barcelona Sporting Club
133,Groupama Stadium,"59,186",Europe,France,Décines-Charpieu,,Olympique Lyonnais
134,Chongqing Olympic Sports Centre Stadium,"58,680",East Asia,China,Chongqing,,
135,Stadion Narodowy,"58,580",Europe,Poland,Warsaw,,Poland national football team
136,Stadio San Nicola,"58,270",Europe,Italy,"Bari, Apulia",,SSC Bari
137,Commanders Field,"58,000",North America,United States,"Landover, Maryland",,Washington Commanders
138,Deutsche Bank Park,"58,000",Europe,Germany,Frankfurt,,Eintracht Frankfurt
139,Estadio La Cartuja de Sevilla,"57,619",Europe,Spain,Seville,,
140,Carter–Finley Stadium,"57,583",North America,United States,"Raleigh, North Carolina",,NC State Wolfpack football
141,Estadio Alberto J. Armando,"57,200",South America,Argentina,Buenos Aires,,CA Boca Juniors
142,Volksparkstadion,"57,030",Europe,Germany,Hamburg,,Hamburger SV
143,Estadio Mario Alberto Kempes,"57,000",South America,Argentina,Córdoba,,"Talleres de Córdoba, some Belgrano de Córdoba matches."
144,Jinan Olympic Sports Centre Stadium,"56,808",East Asia,China,"Jinan, Shandong",,Shandong Taishan
145,Estadio Jalisco,"56,713",North America,Mexico,"Guadalajara, Jalisco",,Atlas
146,Commonwealth Stadium,"56,302",North America,Canada,"Edmonton, Alberta",,"Edmonton Elks, Canadian men's and women's national teams"
147,Dodger Stadium,"56,000",North America,United States,Los Angeles,,Los Angeles Dodgers
148,Stade du 19-mai-1956,"56,000",Africa,Algeria,Annaba,,USM Annaba
149,Estadi Olímpic Lluís Companys,"55,926",Europe,Spain,"Barcelona, Catalonia",,
150,Arena do Grêmio,"55,662",South America,Brazil,"Porto Alegre, Rio Grande do Sul",,Grêmio FBPA
151,Arena Națională,"55,634",Europe,Romania,Bucharest,,Romania national football team
152,Stadion Rajko Mitić,"55,538",Europe,Serbia,Belgrade,,"Red Star Belgrade, Serbia national football team"
153,Stadion Śląski,"55,211",Europe,Poland,Chorzów,,"Poland national football team, Ruch Chorzów"
154,Etihad Stadium,"55,097",Europe,England,"Manchester, North West England",,Manchester City
155,Mestalla,"55,000",Europe,Spain,Valencia,,Valencia CF
156,National Stadium,"55,000",Southeast Asia,Singapore,Singapore,,Singapore national football team
157,National Stadium,"55,000",East Asia,Taiwan,Kaohsiung,,Chinese Taipei national football team
158,He Long Stadium,"55,000",East Asia,China,"Changsha, Hunan",,
159,Cape Town Stadium,"55,000",Africa,South Africa,"Cape Town, Western Cape",,"Cape Town City FC, DHL Western Cape Stormers"
160,Plovdiv Stadium,"55,000",Europe,Bulgaria,Plovdiv,,
161,Bobby Dodd Stadium,"55,000",North America,United States,Atlanta,,Georgia Tech Yellow Jackets football
162,Johan Cruijff Arena,"54,990",Europe,Netherlands,Amsterdam,,AFC Ajax
163,Tianhe Stadium,"54,856",East Asia,China,"Guangzhou, Guangdong",,
164,Stadio Diego Armando Maradona,"54,726",Europe,Italy,Naples,,SSC Napoli
165,Tianjin Olympic Sports Centre Stadium,"54,696",East Asia,China,Tianjin,,Tianjin Teda
166,MERKUR SPIEL-ARENA,"54,600",Europe,Germany,Düsseldorf,,Fortuna Düsseldorf
167,Boris Paitchadze Dinamo Arena,"54,549",West Asia,Georgia,Tbilisi,,"Georgia national football team, FC Dinamo Tbilisi"
168,Wuhan Sports Centre Stadium,"54,357",East Asia,China,"Wuhan, Hubei",,
169,BC Place Stadium,"54,320",North America,Canada,"Vancouver, British Columbia",,"Vancouver Whitecaps FC, BC Lions"
170,Yankee Stadium,"54,251",North America,United States,New York City,,"New York Yankees, New York City FC"
171,Hrazdan Stadium,"54,208",West Asia,Armenia,Yerevan,,"FC Ararat Yerevan, Ulisses FC"
172,BORUSSIA-PARK,"54,057",Europe,Germany,Mönchengladbach,,Borussia Mönchengladbach
173,Moses Mabhida Stadium,"54,000",Africa,South Africa,"Durban, KwaZulu-Natal",,"AmaZulu FC, Cell C Durban Sharks"
174,Busan Asiad Main Stadium,"53,864",East Asia,South Korea,Busan,,Busan IPark
175,Estádio Estadual Jornalista Edgar Augusto Proença,"53,645",South America,Brazil,"Belém, Pará",,"Paysandu SC, Clube do Remo, Tuna Luso Brasileira, SC Belem"
176,Estadio Único Diego Armando Maradona,"53,600",South America,Argentina,La Plata,,
177,Adelaide Oval,"53,500",Oceania,Australia,"Adelaide, South Australia",,"Adelaide Crows, Port Adelaide Powers"
178,Docklands Stadium,"53,359",Oceania,Australia,"Melbourne, Victoria",,"Western Bulldogs, Essendon, St. Kilda, Carlton, North Melbourne"
179,Estádio Municipal João Havelange,"53,350",South America,Brazil,"Uberlândia, Minas Gerais",,Uberlânia EC
180,San Mamés,"53,332",Europe,Spain,Bilbao,,Athletic Bilbao
181,Aleppo International Stadium,"53,200",West Asia,Syria,Aleppo,,Al-Ittihad
182,Estadio Nacional,"53,086",South America,Peru,Lima,,Peru national football team
183,Huanglong Stadium,"52,672",East Asia,China,"Hangzhou, Zhejiang",,Hangzhou FC
184,RAMS Park,"52,652",Europe,Turkey,Istanbul,,Galatasaray
185,Suncorp Stadium,"52,500",Oceania,Australia,"Brisbane, Queensland",,"Brisbane Broncos, Queensland Maroons, Brisbane Roar FC, Queensland Reds"
186,St. James' Park,"52,405",Europe,England,"Newcastle upon Tyne, North East",,Newcastle United
187,Kings Park Stadium,"52,000",Africa,South Africa,"Durban, KwaZulu-Natal",,"Lamontville Golden Arrows, Cell C Durban Sharks"
188,Newlands Stadium,"51,900",Africa,South Africa,"Cape Town, Western Cape",,
189,Hampden Park,"51,866",Europe,Scotland,Glasgow,,"Scotland national football team, Queen's Park"
190,Estadio Monumental de Maturín,"51,796",South America,Venezuela,Maturín,,Monagas Sport Club
191,Loftus Versfeld Stadium,"51,762",Africa,South Africa,"Pretoria, Gauteng",,SuperSport United and Vodacom Pretoria Bulls
192,Aviva Stadium,"51,700",Europe,Ireland,Dublin,,"Leinster Rugby, Republic of Ireland national football team, Ireland national rugby union team"
193,Guiyang Olympic Sports Centre Stadium,"51,638",East Asia,China,"Guiyang, Guizhou",,
194,Hohhot City Stadium,"51,632",East Asia,China,"Hohhot, Inner Mongolia",,
195,Rajamangala National Stadium,"51,552",Southeast Asia,Thailand,Bangkok,,Thailand national football team
196,Donbass Arena,"51,504",Europe,Ukraine,Donetsk,,
197,Estadio Presidente Juan Domingo Perón,"51,389",South America,Argentina,Avellaneda,,Racing Club de Avellaneda
198,İzmir Atatürk Stadyumu,"51,295",West Asia,Turkey,İzmir,,"Altay SK, Göztepe AŞ"
199,Stadion Feijenoord,"51,117",Europe,Netherlands,Rotterdam,,Feyenoord
200,Estadio BBVA,"51,000",North America,Mexico,Monterrey,,CF Monterrey
201,Ghadir Stadium,"51,000",West Asia,Iran,Ahvaz,,Foolad FC
202,Estádio José Pinheiro Borda,"50,942",South America,Brazil,Porto Alegre. Rio Grande do Sul,,SC Internacional
203,Ibrox Stadium,"50,817",Europe,Scotland,Glasgow,,Rangers FC
204,Shizuoka Stadium,"50,889",East Asia,Japan,"Fukuroi, Shizuoka",,"Júbilo Iwata, Shimizu S-Pulse, Shizuoka Blue Revs"
205,Ernst-Happel-Stadion,"50,865",Europe,Austria,Vienna,,Austria national football team
206,Huntington Bank Stadium,"50,805",North America,United States,Minneapolis,,Minnesota Golden Gophers football
207,Estadio Cuauhtémoc,"50,754",North America,Mexico,Puebla,,Puebla FC
208,Friends Arena,"50,653",Europe,Sweden,Solna,,"Sweden national football team, AIK Fotboll"
209,Ülker Stadyumu,"50,509",West Asia,Turkey,Istanbul,,Fenerbahçe
210,Stanford Stadium,"50,424",North America,United States,"Palo Alto, California",,
211,Stade Pierre-Mauroy,"50,186",Europe,France,Villeneuve-d'Ascq,,Lille OSC
212,Stade Roi Baudouin,"50,122",Europe,Belgium,Brussels,,Belgium national football team
213,Shaanxi Province Stadium,"50,100",East Asia,China,"Xi'an, Shaanxi",no image,
214,Ajinomoto Stadium,"50,100",East Asia,Japan,"Chofu, Tokyo",,"FC Tokyo, Tokyo Verdy, Tokyo Sungoliath, Toshiba Brave Lupus Tokyo"
215,Estádio José Alvalade,"50,095",Europe,Portugal,Lisbon,,Sporting CP
216,Estádio do Dragão,"50,033",Europe,Portugal,Porto,,FC Porto
217,Casa de Apostas Arena Fonte Nova,"50,025",South America,Brazil,"Salvador, Bahia",,EC Bahia
218,Stade Olympique de Sousse,"50,000",Africa,Tunisia,Sousse,,Étoile du Sahel
219,RheinEnergieSTADION,"50,000",Europe,Germany,Cologne,,1. FC Köln
220,Harbin Sports City Centre Stadium,"50,000",East Asia,China,"Harbin, Heilongjiang",no image,
221,Greenfield International Stadium,"50,000",South Asia,India,Trivandrum,,
222,EMS Stadium,"50,000",South Asia,India,Kozhikode,,"India national football team, Gokulam Kerala FC"
223,KD Singh Babu Stadium,"50,000",South Asia,India,Lucknow,,
224,Eden Park,"50,000",Oceania,New Zealand,Auckland,,"Auckland Blues, New Zealand Warriors"
225,Estádio 11 de Novembro,"50,000",Africa,Angola,Luanda,,"Angola national football team, Primeiro de Agosto, Petro Luanda"
226,Henan Provincial Stadium,"50,000",East Asia,China,"Zhengzhou, Henan",no image,
227,Jiangxi Olympic Sports Center,"50,000",East Asia,China,"Nanchang, Jiangxi",no image,
228,Max-Morlock-Stadion,"50,000",Europe,Germany,Nuremberg,,1. FC Nürnberg
229,June 11 Stadium,"50,000",Africa,Libya,Tripoli,,"Libya, Al-Ahly SC, Al-Ittihad Tripoli, Al-Madina SC"
230,Xinjiang Sports Centre Stadium,"50,000",East Asia,China,"Urumqi, Xinjiang",no image,
231,Kim Il-sung Stadium,"50,000",East Asia,North Korea,Pyongyang,,Pyongyang City Sports Club
232,EDION Stadium Hiroshima,"50,000",East Asia,Japan,Hiroshima,,Sanfrecce Hiroshima
233,Pars Shiraz Stadium,"50,000",West Asia,Iran,Shiraz,,Fajr Sepasi Shiraz FC
234,Stade du 26 mars,"50,000",Africa,Mali,Bamako,,Stade Malien
235,Stade Abdoulaye Wade,"50,000",Africa,Senegal,Dakar,no image,Senegal national football team
236,Sultan Mizan Zainal Abidin Stadium,"50,000",Southeast Asia,Malaysia,Kuala Terengganu,,Terengganu FA
237,Estadio Akron,"49,850",North America,Mexico,Guadalajara,,C.D. Guadalajara
238,Levy Mwanawasa Stadium,"49,800",Africa,Zambia,Lusaka,no image,Zesco United
239,Fritz-Walter-Stadion,"49,780",Europe,Germany,Kaiserslautern,,1. FC Kaiserslautern
240,Estadio José Amalfitani,"49,540",South America,Argentina,Buenos Aires,,CA Vélez Sársfield
241,Camille Chamoun Sports City Stadium,"49,500",West Asia,Lebanon,Beirut,,"Lebanon national football team, Al Ahed FC, Al Ansar FC, Nejmeh SC"
242,Miyagi Stadium,"49,133",East Asia,Japan,"Rifu, Miyagi",,Vegalta Sendai
243,Incheon Munhak Stadium,"49,084",East Asia,South Korea,Incheon,,
244,Heinz-von-Heiden-Arena,"49,000",Europe,Germany,Hanover,,Hannover 96
245,Parc des Princes,"48,712",Europe,France,Paris,,Paris Saint-Germain
246,Stadium of Light,"48,707",Europe,England,"Sunderland, Tyne and Wear",,Sunderland AFC
247,Estadio Nacional,"48,665",South America,Chile,Santiago,,"Chile national football team, CF Universidad de Chile"
248,Nelson Mandela Bay Stadium,"48,459",Africa,South Africa,"Port Elizabeth, Eastern Cape",,Chippa United FC
249,Estadio Tomás Adolfo Ducó,"48,314",South America,Argentina,Buenos Aires,,CA Huracán
250,Jinnah Sports Stadium,"48,200",South Asia,Pakistan,Islamabad,,Pakistan national football team
251,Estadio Libertadores de América,"48,069",South America,Argentina,Avellaneda,,Club Atlético Independiente
252,Free State Stadium,"48,000",Africa,South Africa,"Bloemfontein, Free State",,"Bloemfontein Celtic, Toyota Cheetahs"
253,Nagai Stadium,"47,816",East Asia,Japan,Osaka,,"Cerezo Osaka, NTT DoCoMo Red Hurricanes Osaka"
254,Neo Química Arena,"47,605",South America,Brazil,"São Paulo, São Paulo",,Corinthians
255,Rogers Centre,"47,568",North America,Canada,"Toronto, Ontario",,"Toronto FC, Toronto Argonauts"
256,Estadio Monumental,"47,347",South America,Chile,Santiago,,Colo-Colo
257,Stadio Artemio Franchi,"47,282",Europe,Italy,Florence,,ACF Fiorentina
258,Estadio Ciudad de Lanús – Néstor Díaz Pérez,"47,027",South America,Argentina,Lanús,,CA Lanús
259,Estadio Metropolitano Roberto Meléndez,"46,788",South America,Colombia,Barranquilla,,"Colombia national football team, Atlético Junior"
260,Estádio Olímpico Nilton Santos,"46,831",South America,Brazil,"Rio de Janeiro, Rio de Janeiro",,Botafogo FR
261,Itaipava Arena Pernambuco,"46,154",South America,Brazil,"São Lourenço da Mata, Pernambuco",,Náutico
262,Arena MRV,"46,000",South America,Brazil,"Belo Horizonte, Minas Gerais",,C Atlético Mineiro
263,Estádio Paulo Constantino,"45,954",South America,Brazil,"Presidente Prudente, São Paulo",,Grêmio Prudente
264,Estadio Atanasio Girardot,"45,739",South America,Colombia,Medellín,,"Atlético Nacional, Independiente Medellín"
265,Estadio Ramón Sánchez Pizjuán,"45,500",Europe,Spain,Seville,,Sevilla FC
266,Adrar Stadium,"45,480",Africa,Morocco,Agadir,,Hassania Agadir
267,Lukoil Arena,"45,360",Europe,Russia,Moscow,,Spartak Moscow
268,Grand stade de Marrakech,"45,240",Africa,Morocco,Marrakesh,,Kawkab Marrakech
269,Mandela National Stadium,"45,202",Africa,Uganda,Kampala,,Uganda national football team
270,Tarczyński Arena Wrocław,"45,105",Europe,Poland,Wrocław,,Śląsk Wrocław
271,Kazan Arena,"45,105",Europe,Russia,Kazan,,Rubin Kazan
272,Estadio Inca Garcilaso de la Vega,"45,056",South America,Peru,Cusco,,"CS Cienciano, Deportivo Garcilaso, Cusco FC"
273,Estádio da Machava,"45,000",Africa,Mozambique,Maputo,no image,Mozambique national football team
274,Stadion Gelora Bung Tomo,"45,000",Southeast Asia,Indonesia,"Surabaya, East Java",no image,Persebaya Surabaya
275,Stadion Harapan Banga,"45,000",Southeast Asia,Indonesia,"Banda Aceh, Aceh",no image,"Persiraja, Aceh United"
276,Estadio General Pablo Rojas,"45,000",South America,Paraguay,Asunción,,Club Cerro Porteño
277,Stade Mohammed V,"45,000",Africa,Morocco,Casablanca,,"Wydad, Raja"
278,Latakia Sports City Stadium,"45,000",West Asia,Syria,Latakia,no image,
279,Zibo Sports Centre Stadium,"45,000",East Asia,China,"Zibo, Shandong",no image,
280,Weifang Sports Centre Stadium,"45,000",East Asia,China,"Weifang, Shandong",no image,
281,Yantai Sports Park Stadium,"45,000",East Asia,China,"Yantai, Shandong",no image,
282,Stadium Tuanku Abdul Rahman,"45,000",Southeast Asia,Malaysia,Seremban,,"ATM FA, Negeri Sembilan"
283,Stade du Complexe sportif de Fès,"45,000",Africa,Morocco,Fes,,"Wydad de Fès, Maghreb de Fès"
284,Lagos National Stadium,"45,000",Africa,Nigeria,Lagos,no image,Nigeria national football team
285,Egyptian Army Stadium,"45,000",Africa,Egypt,Suez,no image,
286,Toyota Stadium,"45,000",East Asia,Japan,"Toyota City, Aichi",,"Nagoya Grampus, Toyota Verblitz"
287,Zayed Sports City Stadium,"45,000",West Asia,United Arab Emirates,Abu Dhabi,,
288,Red Bull Arena,"44,345",Europe,Germany,Leipzig,,RB Leipzig
289,Estádio Governador Alberto Tavares Silva,"44,200",South America,Brazil,Teresina,,"River AC, EC Flamengo, Piauí EC, SE Tiradentes, Auto EC"
290,Estádio Universitário Pedro Pedrossian,"44,200",South America,Brazil,"Campo Grande, Mato Grosso do Sul",,"EC Comercial, Operário FC"
291,Ulsan Munsu Football Stadium,"44,102",East Asia,South Korea,Ulsan,,Ulsan HD FC
292,Arena Pantanal,"44,097",South America,Brazil,"Cuiabá, Mato Grosso",,"Cuiabá, Mixto EC"
293,Arena da Amazônia,"44,000",South America,Brazil,"Manaus, Amazonas",,Nacional FC
294,Suwon World Cup Stadium,"43,959",East Asia,South Korea,Suwon,,Suwon Samsung Bluewings
295,Stadion Utama Riau,"43,923",Southeast Asia,Indonesia,"Pekanbaru, Riau",,PSPS Pekanbaru
296,Allianz Parque,"43,713",South America,Brazil,"São Paulo, São Paulo",,SE Palmeiras
297,Shandong Provincial Stadium,"43,700",East Asia,China,"Jinan, Shandong",,
298,Polsat Plus Arena Gdańsk,"43,615",Europe,Poland,Gdańsk,,Lechia Gdańsk
299,Estadio Pedro Bidegain,"43,494",South America,Argentina,Buenos Aires,,CA San Lorenzo de Almagro
300,Stadion Miejski w Poznaniu,"43,269",Europe,Poland,Poznań,,"Lech Poznań, Warta Poznań"
301,Vasil Levski National Stadium,"43,230",Europe,Bulgaria,Sofia,,Bulgaria national football team
302,Estadio Universidad San Marcos,"43,000",South America,Peru,Lima,,Deportivo Universidad San Marcos
303,Ullevi,"43,000",Europe,Sweden,Gothenburg,,Sweden women's national football team
304,Jinzhou Binhai Sports Centre Stadium,"43,000",East Asia,China,Jinzhou,no image,
305,Estadio General Santander,"42,901",South America,Colombia,Cúcuta,,Cúcuta Deportivo
306,Villa Park,"42,682",Europe,England,"Birmingham, West Midlands",,Aston Villa
307,Perak Stadium,"42,500",Southeast Asia,Malaysia,Perak,,Perak FA
308,Jeonju World Cup Stadium,"42,477",East Asia,South Korea,Jeonju,,Jeonbuk Hyundai Motors FC
309,Ligga Arena,"42,372",South America,Brazil,"Curitiba, Paraná",,Athletico Paranaense
310,Weserstadion,"42,358",Europe,Germany,Bremen,,SV Werder Bremen
311,Denka Big Swan Stadium,"42,300",East Asia,Japan,"Niigata, Niigata",,Albirex Niigata
312,Estadio Olimpico Metropolitano de Mérida,"42,200",South America,Venezuela,Mérida,,Estudiantes de Mérida
313,Daejeon World Cup Stadium,"42,176",East Asia,South Korea,Daejeon,,Daejeon Citizen
314,Matmut ATLANTIQUE,"42,115",Europe,France,Bordeaux,,FC Girondins de Bordeaux
315,Helsingin Olympiastadion,"42,062",Europe,Finland,Helsinki,,Finland national football team
316,Estádio Serra Dourada,"42,000",South America,Brazil,"Goiânia, Goiás",,"Goiás Esporte Clube, Vila Nova, Atlético Goianiense"
317,Estadio Deportivo Cali,"42,000",South America,Colombia,Cali,,Deportivo Cali
318,Estadio Modelo Alberto Spencer,"42,000",South America,Ecuador,Guayaquil,,"Club Sport Patria, Club Deportivo Everest, Panamá Sporting Club, Rocafuerte Fútbol Club"
319,Estádio do Zimpeto,"42,000",Africa,Mozambique,Maputo,no image,Mozambique national football team
320,Chengdu Sports Centre Stadium,"42,000",East Asia,China,"Chengdu, Sichuan",,
321,Royal Bafokeng Stadium,"42,000",Africa,South Africa,"Phokeng, North West",,
322,Estadio Universitario,"42,000",North America,Mexico,San Nicolás de los Garza,,Tigres de la UANL
323,Estadio Brigadier General Estanislao López,"42,000",South America,Argentina,Santa Fe,,Club Atlético Colón
324,Estadio Marcelo Bielsa,"42,000",South America,Argentina,Rosario,,Newell's Old Boys
325,Stade Geoffroy-Guichard,"41,965",Europe,France,Saint-Étienne,,AS Saint-Étienne
326,Vodafone Park,"41,903",Europe,Turkey,Istanbul,,Beşiktaş J.K.
327,Peter Mokaba Stadium,"41,733",Africa,South Africa,Polokwane,,Polokwane City FC
328,Estadio Gigante de Arroyito,"41,654",South America,Argentina,Rosario,,Rosario Central
329,Estadio Cachamay,"41,600",South America,Venezuela,Ciudad Guayana,,"Atlético Club Mineros de Guayana, AC Minervén FC"
330,Estadio de Liga Deportiva Universitaria,"41,596",South America,Ecuador,Quito,,LDU
331,Allianz Stadium,"41,507",Europe,Italy,"Turin, Piedmont",,Juventus FC
332,Sapporo Dome,"41,484",East Asia,Japan,"Sapporo, Hokkaido",,Hokkaido Consadole Sapporo
333,Stamford Bridge,"41,663",Europe,England,London,,Chelsea
334,Goyang Stadium,"41,311",East Asia,South Korea,Goyang,,
335,Estadio Hernando Siles,"41,143",South America,Bolivia,La Paz,,"La Paz FC, Club Bolívar, The Strongest"
336,Bingu National Stadium,"41,100",Africa,Malawi,Lilongwe,,"Flames, Big Bullets FC"
337,Mbombela Stadium,"40,929",Africa,South Africa,"Nelspruit, Mpumalanga",,
338,Estadio José Pachencho Romero,"40,800",South America,Venezuela,Maracaibo,,"Deportivo JBL del Zulia, Deportivo Rayo Zuliano"
339,Stade Nelson Mandela,"40,784",Africa,Algeria,Algiers,,Algeria national football team
340,Kashima Football Stadium,"40,728",East Asia,Japan,"Kashima, Ibaraki",,Kashima Antlers
341,Baba Yara Stadium,"40,528",Africa,Ghana,Kumasi,,"Asante Kotoko, King Faisal Babes"
342,Estádio Major Antônio Couto Pereira,"40,502",South America,Brazil,"Curitiba, Paraná",,Coritiba Foot Ball Club
343,Stage Front Stadium,"40,500",Europe,Spain,Barcelona,,RCD Espanyol
344,Estadio Metropolitano de fútbol de Lara,"40,312",South America,Venezuela,Barquisimeto,,Unión Lara
345,Estadio Malvinas Argentinas,"40,268",South America,Argentina,Mendoza,,Godoy Cruz Antonio Tomba
346,Stadion Lukas Enembe,"40,263",Southeast Asia,Indonesia,Nolokla,,Persipura Jayapura
347,Gwangju World Cup Stadium,"40,245",East Asia,South Korea,Gwangju,,Gwangju FC
348,Sân vận động Quốc gia Mỹ Đình,"40,192",Southeast Asia,Vietnam,Hanoi,,Vietnam national football team
349,Goodison Park,"40,157",Europe,England,"Liverpool, North West",,Everton FC
350,Estádio Governador João Castelo,"40,149",South America,Brazil,"São Luís, Maranhão",,"Sampaio Corrêa FC, Moto Club SL, Maranhão AC"
351,Stade Miloud-Hadefi,"40,143",Africa,Algeria,Oran,,"Algeria national football team, MC Oran"
352,Estadio Campeón del Siglo,"40,005",South America,Uruguay,Montevideo,,Club Atlético Peñarol
353,Metalist Stadium,"40,003",Europe,Ukraine,Kharkiv,,"FC Metalist Kharkiv, FC Shakhtar Donetsk"
354,Al-Janoub Stadium,"40,000",West Asia,Qatar,Al-Wakrah,,
355,Al-Thumama Stadium,"40,000",West Asia,Qatar,Al-Thumama,,
356,Stade Ahmed-Zabana,"40,000",Africa,Algeria,Oran,,MC Oran
357,Stadion Batakan,"40,000",Southeast Asia,Indonesia,"Balikpapan, East Kalimantan",,Persiba Balikpapan
358,Stadion Gelora Joko Samudro,"40,000",Southeast Asia,Indonesia,"Gresik, East Java",,Gresik United
359,Fisht Olympic Stadium,"40,000",Europe,Russia,Sochi,,
360,Rentschler Field,"40,000",North America,United States,"East Hartford, Connecticut",,
361,Jawaharlal Nehru Stadium,"40,000",South Asia,India,Kochi,,"Kerala Blasters, India national football team"
362,Hang Jebat Stadium,"40,000",Southeast Asia,Malaysia,Malacca,,Melaka United
363,Hong Kong Stadium,"40,000",East Asia,Hong Kong,So Kon Po,,South China AA
364,Stadium Negeri Pulau Pinang,"40,000",Southeast Asia,Malaysia,Batu Kawan,,Penang FA
365,Accra Sports Stadium,"40,000",Africa,Ghana,Accra,no image,"Accra Hearts of Oak SC, Great Olympics"
366,Sarawak Stadium,"40,000",Southeast Asia,Malaysia,Kuching,,Sarawak FA
367,Bogyoke Aung San Stadium,"40,000",Southeast Asia,Myanmar,Yangon,,Yangon United FC
368,Resonac Dome Ōita,"40,000",East Asia,Japan,Ōita,,Ōita Trinita
369,Stadium Darul Makmur,"40,000",Southeast Asia,Malaysia,Kuantan,,Pahang FA
370,Khalifa International Stadium,"40,000",West Asia,Qatar,Doha,,Qatar national football team
371,Stade de l’Amitié sino-gabonaise,"40,000",Africa,Gabon,Libreville,no image,Gabon national football team
372,Peoples Football Stadium,"40,000",South Asia,Pakistan,Karachi,no image,Pakistan national football team
373,JRD Tata Sports Complex Stadium,"40,000",South Asia,India,Jamshedpur,,"Jamshedpur FC, Tata Football Academy"
374,Bao'an Stadium,"40,000",East Asia,China,"Shenzhen, Guangdong",,
375,Kunming Tuodong Sports Centre Stadium,"40,000",East Asia,China,"Kunming, Yunnan",,China national football team
376,Taizhou Sports Centre Stadium,"40,000",East Asia,China,"Taizhou, Zhejiang",no image,
377,Wuhu Olympic Stadium,"40,000",East Asia,China,"Wuhu, Anhui",no image,
378,Huizhou Olympic Stadium,"40,000",East Asia,China,"Huizhou, Guangdong",no image,
